"filename", "language", "Markdown", "Python", "pip requirements", "Log", "YAML", "comment", "blank", "total"
"/Users/zihaowen/Documents/WandCalibration/README.md", "Markdown", 110, 0, 0, 0, 0, 0, 19, 129
"/Users/zihaowen/Documents/WandCalibration/assets/README_CN.md", "Markdown", 110, 0, 0, 0, 0, 0, 20, 130
"/Users/zihaowen/Documents/WandCalibration/blender/test.py", "Python", 0, 12, 0, 0, 0, 1, 10, 23
"/Users/zihaowen/Documents/WandCalibration/bluePrint/Material.md", "Markdown", 22, 0, 0, 0, 0, 0, 19, 41
"/Users/zihaowen/Documents/WandCalibration/config/board/board_sample.yaml", "YAML", 0, 0, 0, 0, 3, 14, 4, 21
"/Users/zihaowen/Documents/WandCalibration/config/board/charucoboard_4_5.yaml", "YAML", 0, 0, 0, 0, 5, 10, 3, 18
"/Users/zihaowen/Documents/WandCalibration/config/board/checkerboard_11_8.yaml", "YAML", 0, 0, 0, 0, 4, 12, 2, 18
"/Users/zihaowen/Documents/WandCalibration/config/cfg_archery.yaml", "YAML", 0, 0, 0, 0, 25, 11, 13, 49
"/Users/zihaowen/Documents/WandCalibration/config/cfg_archery_outdoor.yaml", "YAML", 0, 0, 0, 0, 25, 11, 13, 49
"/Users/zihaowen/Documents/WandCalibration/config/cfg_uni.yaml", "YAML", 0, 0, 0, 0, 247, 44, 13, 304
"/Users/zihaowen/Documents/WandCalibration/config/cfg_wtt.yaml", "YAML", 0, 0, 0, 0, 61, 40, 13, 114
"/Users/zihaowen/Documents/WandCalibration/config/cfg_wtt_red.yaml", "YAML", 0, 0, 0, 0, 25, 11, 7, 43
"/Users/zihaowen/Documents/WandCalibration/config/config.yaml", "YAML", 0, 0, 0, 0, 17, 10, 13, 40
"/Users/zihaowen/Documents/WandCalibration/config/labelme/labelme_sample.yaml", "YAML", 0, 0, 0, 0, 6, 2, 0, 8
"/Users/zihaowen/Documents/WandCalibration/config/point/point_sample.yaml", "YAML", 0, 0, 0, 0, 6, 2, 0, 8
"/Users/zihaowen/Documents/WandCalibration/config/point/point_wtt.yaml", "YAML", 0, 0, 0, 0, 6, 1, 0, 7
"/Users/zihaowen/Documents/WandCalibration/config/pole/pole500.yaml", "YAML", 0, 0, 0, 0, 4, 0, 0, 4
"/Users/zihaowen/Documents/WandCalibration/config/pole/pole760.yaml", "YAML", 0, 0, 0, 0, 4, 0, 0, 4
"/Users/zihaowen/Documents/WandCalibration/config/pole/pole760_red.yaml", "YAML", 0, 0, 0, 0, 4, 0, 0, 4
"/Users/zihaowen/Documents/WandCalibration/config/pole/pole_sample.yaml", "YAML", 0, 0, 0, 0, 3, 7, 2, 12
"/Users/zihaowen/Documents/WandCalibration/config/wand/wand750.yaml", "YAML", 0, 0, 0, 0, 10, 8, 1, 19
"/Users/zihaowen/Documents/WandCalibration/config/wand/wand_archery.yaml", "YAML", 0, 0, 0, 0, 10, 4, 1, 15
"/Users/zihaowen/Documents/WandCalibration/config/wand/wand_sample.yaml", "YAML", 0, 0, 0, 0, 9, 7, 1, 17
"/Users/zihaowen/Documents/WandCalibration/config/wand/wand_wtt.yaml", "YAML", 0, 0, 0, 0, 10, 4, 1, 15
"/Users/zihaowen/Documents/WandCalibration/config/wand/wand_wtt_red.yaml", "YAML", 0, 0, 0, 0, 10, 8, 4, 22
"/Users/zihaowen/Documents/WandCalibration/extrinsicParameter/__init__.py", "Python", 0, 0, 0, 0, 0, 0, 1, 1
"/Users/zihaowen/Documents/WandCalibration/extrinsicParameter/convexHull/getPointCloud.py", "Python", 0, 63, 0, 0, 0, 1, 4, 68
"/Users/zihaowen/Documents/WandCalibration/extrinsicParameter/initPose/initPose.py", "Python", 0, 63, 0, 0, 0, 6, 7, 76
"/Users/zihaowen/Documents/WandCalibration/extrinsicParameter/initPose/integratePose.py", "Python", 0, 47, 0, 0, 0, 6, 4, 57
"/Users/zihaowen/Documents/WandCalibration/extrinsicParameter/initPose/mst.py", "Python", 0, 48, 0, 0, 0, 10, 8, 66
"/Users/zihaowen/Documents/WandCalibration/extrinsicParameter/initPose/recoverPose.py", "Python", 0, 149, 0, 0, 0, 31, 14, 194
"/Users/zihaowen/Documents/WandCalibration/extrinsicParameter/poleDetection/__init__.py", "Python", 0, 0, 0, 0, 0, 0, 1, 1
"/Users/zihaowen/Documents/WandCalibration/extrinsicParameter/poleDetection/blobDetection.py", "Python", 0, 144, 0, 0, 0, 55, 11, 210
"/Users/zihaowen/Documents/WandCalibration/extrinsicParameter/poleDetection/maskGeneration.py", "Python", 0, 124, 0, 0, 0, 15, 10, 149
"/Users/zihaowen/Documents/WandCalibration/extrinsicParameter/poleDetection/poleDetection.py", "Python", 0, 197, 0, 0, 0, 10, 11, 218
"/Users/zihaowen/Documents/WandCalibration/extrinsicParameter/poleDetection/wandDetection.py", "Python", 0, 198, 0, 0, 0, 12, 11, 221
"/Users/zihaowen/Documents/WandCalibration/extrinsicParameter/refinePose/boundleAdjustment.py", "Python", 0, 321, 0, 0, 0, 48, 21, 390
"/Users/zihaowen/Documents/WandCalibration/extrinsicParameter/refinePose/dataLoader.py", "Python", 0, 22, 0, 0, 0, 0, 5, 27
"/Users/zihaowen/Documents/WandCalibration/extrinsicParameter/refinePose/linear_warmup_cosine_annealing_warm_restarts_weight_decay/__init__.py", "Python", 0, 4, 0, 0, 0, 0, 1, 5
"/Users/zihaowen/Documents/WandCalibration/extrinsicParameter/refinePose/linear_warmup_cosine_annealing_warm_restarts_weight_decay/lr_scheduler.py", "Python", 0, 168, 0, 0, 0, 82, 35, 285
"/Users/zihaowen/Documents/WandCalibration/extrinsicParameter/refinePose/multiViewTriangulate.py", "Python", 0, 194, 0, 0, 0, 16, 11, 221
"/Users/zihaowen/Documents/WandCalibration/extrinsicParameter/refinePose/normalizedImagePlane.py", "Python", 0, 47, 0, 0, 0, 9, 6, 62
"/Users/zihaowen/Documents/WandCalibration/extrinsicParameter/refinePose/refinePose.py", "Python", 0, 390, 0, 0, 0, 50, 21, 461
"/Users/zihaowen/Documents/WandCalibration/extrinsicParameter/refinePose/rotation_conversions.py", "Python", 0, 210, 0, 0, 0, 267, 57, 534
"/Users/zihaowen/Documents/WandCalibration/extrinsicParameter/refinePose/so3_exp_map.py", "Python", 0, 32, 0, 0, 0, 47, 12, 91
"/Users/zihaowen/Documents/WandCalibration/extrinsicParameter/worldCoord/adjustCamParam.py", "Python", 0, 66, 0, 0, 0, 9, 4, 79
"/Users/zihaowen/Documents/WandCalibration/extrinsicParameter/worldCoord/clickPoint.py", "Python", 0, 98, 0, 0, 0, 27, 10, 135
"/Users/zihaowen/Documents/WandCalibration/extrinsicParameter/worldCoord/cluster.py", "Python", 0, 101, 0, 0, 0, 17, 10, 128
"/Users/zihaowen/Documents/WandCalibration/extrinsicParameter/worldCoord/enhanced_labelme.py", "Python", 0, 206, 0, 0, 0, 6, 16, 228
"/Users/zihaowen/Documents/WandCalibration/extrinsicParameter/worldCoord/get_cam0_extrinsic.py", "Python", 0, 263, 0, 0, 0, 63, 9, 335
"/Users/zihaowen/Documents/WandCalibration/extrinsicParameter/worldCoord/get_id_with_distance.py", "Python", 0, 57, 0, 0, 0, 5, 8, 70
"/Users/zihaowen/Documents/WandCalibration/extrinsicParameter/worldCoord/handle_board.py", "Python", 0, 106, 0, 0, 0, 3, 5, 114
"/Users/zihaowen/Documents/WandCalibration/extrinsicParameter/worldCoord/handle_labelme.py", "Python", 0, 155, 0, 0, 0, 1, 9, 165
"/Users/zihaowen/Documents/WandCalibration/extrinsicParameter/worldCoord/icp.py", "Python", 0, 78, 0, 0, 0, 16, 28, 122
"/Users/zihaowen/Documents/WandCalibration/extrinsicParameter/worldCoord/noIdReconstruction.py", "Python", 0, 187, 0, 0, 0, 33, 15, 235
"/Users/zihaowen/Documents/WandCalibration/extrinsicParameter/worldCoord/rescale.py", "Python", 0, 165, 0, 0, 0, 43, 14, 222
"/Users/zihaowen/Documents/WandCalibration/extrinsicParameter/worldCoord/solve_icp.py", "Python", 0, 21, 0, 0, 0, 2, 3, 26
"/Users/zihaowen/Documents/WandCalibration/intrinsicParameter/__init__.py", "Python", 0, 0, 0, 0, 0, 0, 1, 1
"/Users/zihaowen/Documents/WandCalibration/intrinsicParameter/charucoboardCalibration/get_cam_calibration.py", "Python", 0, 115, 0, 0, 0, 12, 6, 133
"/Users/zihaowen/Documents/WandCalibration/intrinsicParameter/charucoboardCalibration/test_cam_calibration.py", "Python", 0, 44, 0, 0, 0, 1, 8, 53
"/Users/zihaowen/Documents/WandCalibration/intrinsicParameter/checkerboardCalibration/get_cam_calibration.py", "Python", 0, 91, 0, 0, 0, 11, 5, 107
"/Users/zihaowen/Documents/WandCalibration/intrinsicParameter/checkerboardCalibration/test_cam_calibration.py", "Python", 0, 49, 0, 0, 0, 14, 18, 81
"/Users/zihaowen/Documents/WandCalibration/intrinsicParameter/intrinsicCalibration/get_intrinsic.py", "Python", 0, 73, 0, 0, 0, 6, 6, 85
"/Users/zihaowen/Documents/WandCalibration/main.py", "Python", 0, 251, 0, 0, 0, 1, 8, 260
"/Users/zihaowen/Documents/WandCalibration/output.log", "Log", 0, 0, 0, 758, 0, 0, 113, 871
"/Users/zihaowen/Documents/WandCalibration/pyinstaller.md", "Markdown", 6, 0, 0, 0, 0, 0, 1, 7
"/Users/zihaowen/Documents/WandCalibration/requirements.txt", "pip requirements", 0, 0, 14, 0, 0, 0, 1, 15
"/Users/zihaowen/Documents/WandCalibration/utils/__init__.py", "Python", 0, 0, 0, 0, 0, 0, 1, 1
"/Users/zihaowen/Documents/WandCalibration/utils/camFormatTransfer.py", "Python", 0, 60, 0, 0, 0, 1, 7, 68
"/Users/zihaowen/Documents/WandCalibration/utils/imageConcat.py", "Python", 0, 28, 0, 0, 0, 11, 2, 41
"/Users/zihaowen/Documents/WandCalibration/utils/verifyAccuracy.py", "Python", 0, 69, 0, 0, 0, 0, 7, 76
"/Users/zihaowen/Documents/WandCalibration/utils/yamlLoader.py", "Python", 0, 26, 0, 0, 0, 45, 9, 80
"/Users/zihaowen/Documents/WandCalibration/visualize/get_init_camera_params.py", "Python", 0, 17, 0, 0, 0, 0, 3, 20
"/Users/zihaowen/Documents/WandCalibration/visualize/visCameraParams.py", "Python", 0, 122, 0, 0, 0, 16, 4, 142
"/Users/zihaowen/Documents/WandCalibration/visualize/vis_intrinsic.py", "Python", 0, 57, 0, 0, 0, 0, 4, 61
"/Users/zihaowen/Documents/WandCalibration/visualize/vis_pole_detection.py", "Python", 0, 114, 0, 0, 0, 4, 7, 125
"/Users/zihaowen/Documents/WandCalibration/visualize/vis_pole_spread.py", "Python", 0, 105, 0, 0, 0, 0, 8, 113
"/Users/zihaowen/Documents/WandCalibration/visualize/vis_reproj_error.py", "Python", 0, 102, 0, 0, 0, 1, 11, 114
"Total", "-", 248, 5259, 14, 758, 494, 1220, 771, 8764